,precision,recall,f1-score,support
0,0.8487626031164069,0.8946859903381642,0.8711194731890874,1035.0
1,0.6572327044025157,0.5588235294117647,0.6040462427745664,374.0
accuracy,0.8055358410220014,0.8055358410220014,0.8055358410220014,0.8055358410220014
macro avg,0.7529976537594614,0.7267547598749644,0.7375828579818269,1409.0
weighted avg,0.7979235810305337,0.8055358410220014,0.8002284950662835,1409.0
